,Date,location,new_cases,new_deaths,total_cases,total_deaths,weekly_cases,weekly_deaths,biweekly_cases,biweekly_deaths,population,new_cases_per,new_deaths_per,total_cases_per,total_deaths_per,weekly_cases_per,weekly_deaths_per,biweekly_cases_per,biweekly_deaths_per
1,1/31/2020,United Kingdom,2,NA,2,NA,NA,NA,NA,NA,67886004,0.002946115,NA,0.002946115,NA,NA,NA,NA,NA
2,2/1/2020,United Kingdom,0,NA,2,NA,NA,NA,NA,NA,67886004,0,NA,0.002946115,NA,NA,NA,NA,NA
3,2/2/2020,United Kingdom,0,NA,2,NA,NA,NA,NA,NA,67886004,0,NA,0.002946115,NA,NA,NA,NA,NA
4,2/3/2020,United Kingdom,6,NA,8,NA,NA,NA,NA,NA,67886004,0.008838346,NA,0.011784461,NA,NA,NA,NA,NA
5,2/4/2020,United Kingdom,0,NA,8,NA,NA,NA,NA,NA,67886004,0,NA,0.011784461,NA,NA,NA,NA,NA
6,2/5/2020,United Kingdom,1,NA,9,NA,9,0,NA,NA,67886004,0.001473058,NA,0.013257519,NA,0.013257519,0,NA,NA
7,2/6/2020,United Kingdom,0,NA,9,NA,9,0,NA,NA,67886004,0,NA,0.013257519,NA,0.013257519,0,NA,NA
8,2/7/2020,United Kingdom,0,NA,9,NA,7,0,NA,NA,67886004,0,NA,0.013257519,NA,0.010311404,0,NA,NA
9,2/8/2020,United Kingdom,4,NA,13,NA,11,0,NA,NA,67886004,0.005892231,NA,0.01914975,NA,0.016203635,0,NA,NA
10,2/9/2020,United Kingdom,1,NA,14,NA,12,0,NA,NA,67886004,0.001473058,NA,0.020622808,NA,0.017676692,0,NA,NA
11,2/10/2020,United Kingdom,0,NA,14,NA,6,0,NA,NA,67886004,0,NA,0.020622808,NA,0.008838346,0,NA,NA
12,2/11/2020,United Kingdom,1,NA,15,NA,7,0,NA,NA,67886004,0.001473058,NA,0.022095865,NA,0.010311404,0,NA,NA
13,2/12/2020,United Kingdom,1,NA,16,NA,7,0,16,0,67886004,0.001473058,NA,0.023568923,NA,0.010311404,0,0.023568923,0
14,2/13/2020,United Kingdom,1,NA,17,NA,8,0,17,0,67886004,0.001473058,NA,0.025041981,NA,0.011784461,0,0.025041981,0
15,2/14/2020,United Kingdom,1,NA,18,NA,9,0,16,0,67886004,0.001473058,NA,0.026515038,NA,0.013257519,0,0.023568923,0
16,2/15/2020,United Kingdom,0,NA,18,NA,5,0,16,0,67886004,0,NA,0.026515038,NA,0.007365288,0,0.023568923,0
17,2/16/2020,United Kingdom,0,NA,18,NA,4,0,16,0,67886004,0,NA,0.026515038,NA,0.005892231,0,0.023568923,0
18,2/17/2020,United Kingdom,1,NA,19,NA,5,0,11,0,67886004,0.001473058,NA,0.027988096,NA,0.007365288,0,0.016203635,0
19,2/18/2020,United Kingdom,0,NA,19,NA,4,0,11,0,67886004,0,NA,0.027988096,NA,0.005892231,0,0.016203635,0
20,2/19/2020,United Kingdom,1,NA,20,NA,4,0,11,0,67886004,0.001473058,NA,0.029461154,NA,0.005892231,0,0.016203635,0
21,2/20/2020,United Kingdom,2,NA,22,NA,5,0,13,0,67886004,0.002946115,NA,0.032407269,NA,0.007365288,0,0.01914975,0
22,2/21/2020,United Kingdom,1,NA,23,NA,5,0,14,0,67886004,0.001473058,NA,0.033880327,NA,0.007365288,0,0.020622808,0
23,2/22/2020,United Kingdom,0,NA,23,NA,5,0,10,0,67886004,0,NA,0.033880327,NA,0.007365288,0,0.014730577,0
24,2/23/2020,United Kingdom,5,NA,28,NA,10,0,14,0,67886004,0.007365288,NA,0.041245615,NA,0.014730577,0,0.020622808,0
25,2/24/2020,United Kingdom,2,NA,30,NA,11,0,16,0,67886004,0.002946115,NA,0.044191731,NA,0.016203635,0,0.023568923,0
26,2/25/2020,United Kingdom,4,NA,34,NA,15,0,19,0,67886004,0.005892231,NA,0.050083961,NA,0.022095865,0,0.027988096,0
27,2/26/2020,United Kingdom,3,NA,37,NA,17,0,21,0,67886004,0.004419173,NA,0.054503134,NA,0.025041981,0,0.030934211,0
28,2/27/2020,United Kingdom,7,NA,44,NA,22,0,27,0,67886004,0.010311404,NA,0.064814538,NA,0.032407269,0,0.039772558,0
29,2/28/2020,United Kingdom,12,NA,56,NA,33,0,38,0,67886004,0.017676692,NA,0.08249123,NA,0.048610904,0,0.055976192,0
30,2/29/2020,United Kingdom,5,NA,61,NA,38,0,43,0,67886004,0.007365288,NA,0.089856519,NA,0.055976192,0,0.063341481,0
31,3/1/2020,United Kingdom,33,NA,94,NA,66,0,76,0,67886004,0.048610904,NA,0.138467423,NA,0.097221807,0,0.111952384,0
32,3/2/2020,United Kingdom,40,NA,134,NA,104,0,115,0,67886004,0.058922307,NA,0.19738973,NA,0.153197999,0,0.169401634,0
33,3/3/2020,United Kingdom,55,NA,189,NA,155,0,170,0,67886004,0.081018173,NA,0.278407903,NA,0.228323941,0,0.250419807,0
34,3/4/2020,United Kingdom,57,NA,246,NA,209,0,226,0,67886004,0.083964288,NA,0.362372191,NA,0.307869056,0,0.332911037,0
35,3/5/2020,United Kingdom,49,NA,295,NA,251,0,273,0,67886004,0.072179827,NA,0.434552018,NA,0.369737479,0,0.402144748,0
36,3/6/2020,United Kingdom,79,1,374,1,318,1,351,1,67886004,0.116371557,0.001473058,0.550923575,0.001473058,0.468432344,0.001473058,0.517043248,0.001473058
37,3/7/2020,United Kingdom,55,1,429,2,368,2,406,2,67886004,0.081018173,0.001473058,0.631941748,0.002946115,0.542085229,0.002946115,0.598061421,0.002946115
38,3/8/2020,United Kingdom,54,0,483,2,389,2,455,2,67886004,0.079545115,0,0.711486863,0.002946115,0.57301944,0.002946115,0.670241247,0.002946115
39,3/9/2020,United Kingdom,147,1,630,3,496,3,600,3,67886004,0.21653948,0.001473058,0.928026343,0.004419173,0.730636613,0.004419173,0.883834612,0.004419173
40,3/10/2020,United Kingdom,259,4,889,7,700,7,855,7,67886004,0.381521941,0.005892231,1.309548283,0.010311404,1.031140381,0.010311404,1.259464322,0.010311404
41,3/11/2020,United Kingdom,412,0,1301,7,1055,7,1264,7,67886004,0.606899767,0,1.91644805,0.010311404,1.554075859,0.010311404,1.861944916,0.010311404
42,3/12/2020,United Kingdom,489,2,1790,9,1495,9,1746,9,67886004,0.720325209,0.002946115,2.636773259,0.013257519,2.202221241,0.013257519,2.571958721,0.013257519
43,3/13/2020,United Kingdom,480,1,2270,10,1896,9,2214,10,67886004,0.70706769,0.001473058,3.343840948,0.014730577,2.792917374,0.013257519,3.261349718,0.014730577
44,3/14/2020,United Kingdom,364,19,2634,29,2205,27,2573,29,67886004,0.536192998,0.027988096,3.880033946,0.042718673,3.248092199,0.039772558,3.790177427,0.042718673
45,3/15/2020,United Kingdom,443,14,3077,43,2594,41,2983,43,67886004,0.652564555,0.020622808,4.532598501,0.063341481,3.821111639,0.060395365,4.394131079,0.063341481
46,3/16/2020,United Kingdom,615,23,3692,66,3062,63,3558,66,67886004,0.905930477,0.033880327,5.438528979,0.097221807,4.510502636,0.092802634,5.241139249,0.097221807
47,3/17/2020,United Kingdom,770,17,4462,83,3573,76,4273,83,67886004,1.134254419,0.025041981,6.572783397,0.122263788,5.263235114,0.111952384,6.294375495,0.122263788
48,3/18/2020,United Kingdom,1005,34,5467,117,4166,110,5221,117,67886004,1.480422975,0.050083961,8.053206372,0.172347749,6.136758322,0.162036346,7.690834181,0.172347749
49,3/19/2020,United Kingdom,1066,46,6533,163,4743,154,6238,163,67886004,1.570279494,0.067760654,9.623485866,0.240108403,6.986712607,0.226850884,9.188933849,0.240108403
50,3/20/2020,United Kingdom,1258,32,7791,195,5521,185,7417,194,67886004,1.85310657,0.047137846,11.47659244,0.287246249,8.132751487,0.272515672,10.92566886,0.285773191
51,3/21/2020,United Kingdom,1215,58,9006,253,6372,224,8577,251,67886004,1.789765089,0.085437346,13.26635752,0.372683595,9.386323579,0.329964922,12.63441578,0.369737479
52,3/22/2020,United Kingdom,1389,36,10395,289,7318,246,9912,287,67886004,2.046077127,0.053030077,15.31243465,0.425713671,10.77983615,0.362372191,14.60094779,0.422767556
53,3/23/2020,United Kingdom,2349,76,12744,365,9052,299,12114,362,67886004,3.460212506,0.111952384,18.77264716,0.537666056,13.33411818,0.440444248,17.84462081,0.533246883
54,3/24/2020,United Kingdom,2382,148,15126,513,10664,430,14237,506,67886004,3.508823409,0.218012538,22.28147057,0.755678593,15.70868717,0.633414805,20.97192228,0.745367189
55,3/25/2020,United Kingdom,2717,191,17843,704,12376,587,16542,697,67886004,4.002297734,0.281354018,26.2837683,1.037032611,18.23056193,0.864684862,24.36732025,1.026721208
56,3/26/2020,United Kingdom,3127,182,20970,886,14437,723,19180,877,67886004,4.606251386,0.268096499,30.89001969,1.30512911,21.26653382,1.065020707,28.25324643,1.291871591
57,3/27/2020,United Kingdom,3249,288,24219,1174,16428,979,21949,1164,67886004,4.785964424,0.424240614,35.67598411,1.729369724,24.19939167,1.442123475,32.33214316,1.714639147
58,3/28/2020,United Kingdom,2843,292,27062,1466,18056,1213,24428,1437,67886004,4.187903003,0.430132844,39.86388711,2.159502568,26.59752959,1.786818974,35.98385317,2.116783896
59,3/29/2020,United Kingdom,2892,213,29954,1679,19559,1390,26877,1636,67886004,4.260082829,0.313761287,44.12396994,2.473263856,28.81153529,2.047550184,39.59137144,2.409922375
60,3/30/2020,United Kingdom,4327,374,34281,2053,21537,1688,30589,1987,67886004,6.37392061,0.550923575,50.49789055,3.02418743,31.72524339,2.486521375,45.05936157,2.926965623
61,3/31/2020,United Kingdom,4534,404,38815,2457,23689,1944,34353,2374,67886004,6.678843551,0.595115305,57.1767341,3.619302736,34.89526354,2.863624143,50.60395071,3.497038948
62,4/1/2020,United Kingdom,4974,673,43789,3130,25946,2426,38322,3013,67886004,7.326988933,0.991367823,64.50372304,4.610670559,38.21995473,3.573637948,56.45051666,4.43832281
63,4/2/2020,United Kingdom,4929,657,48718,3787,27748,2901,42185,3624,67886004,7.260701337,0.9677989,71.76442437,5.578469459,40.87440469,4.273340349,62.14093851,5.338361056
64,4/3/2020,United Kingdom,4981,737,53699,4524,29480,3350,45908,4329,67886004,7.337300337,1.085643515,79.10172471,6.664112974,43.4257406,4.93474325,67.62513227,6.376866725
65,4/4/2020,United Kingdom,4073,757,57772,5281,30710,3815,48766,5028,67886004,5.999763957,1.115104669,85.10148867,7.779217643,45.23760155,5.619715074,71.83513114,7.406534048
66,4/5/2020,United Kingdom,3650,601,61422,5882,31468,4203,51027,5593,67886004,5.376660556,0.88530767,90.47814922,8.664525312,46.35417928,6.191261456,75.16571457,8.238811641
67,4/6/2020,United Kingdom,5316,570,66738,6452,32457,4399,53994,6087,67886004,7.830774662,0.839642881,98.30892388,9.504168193,47.81103333,6.479980763,79.53627673,8.966502138
68,4/7/2020,United Kingdom,5486,1105,72224,7557,33409,5100,57098,7044,67886004,8.081194468,1.627728744,106.3901184,11.13189694,49.21338425,7.512594201,84.10864779,10.37621834
69,4/8/2020,United Kingdom,5163,1032,77387,8589,33598,5459,59544,7885,67886004,7.605396836,1.520195532,113.9955152,12.65209247,49.49179215,8.041421911,87.71174689,11.61505986
70,4/9/2020,United Kingdom,4906,1117,82293,9706,33575,5919,61323,8820,67886004,7.22682101,1.645405436,121.2223362,14.29749791,49.45791183,8.719028447,90.33231651,12.9923688
71,4/10/2020,United Kingdom,4367,1123,86660,10829,32961,6305,62441,9655,67886004,6.432842917,1.654243782,127.6551791,15.95174169,48.55345441,9.287628714,91.979195,14.22237196
72,4/11/2020,United Kingdom,3613,844,90273,11673,32501,6392,63211,10207,67886004,5.322157421,1.243260687,132.9773365,17.19500237,47.87584787,9.415784732,93.11344942,15.03549981
73,4/12/2020,United Kingdom,3539,657,93812,12330,32390,6448,63858,10651,67886004,5.213151153,0.9677989,138.1904877,18.16280127,47.71233847,9.498275963,94.06651775,15.68953742
74,4/13/2020,United Kingdom,4205,725,98017,13055,31279,6603,63736,11002,67886004,6.194207572,1.067966823,144.3846953,19.2307681,46.07577138,9.726599904,93.88680471,16.20658067
75,4/14/2020,United Kingdom,4348,1080,102365,14135,30141,6578,63550,11678,67886004,6.404854821,1.590902301,150.7895501,20.8216704,44.39943173,9.689773462,93.61281598,17.20236766
76,4/15/2020,United Kingdom,5100,884,107465,15019,30078,6430,63676,11889,67886004,7.512594201,1.302182995,158.3021443,22.12385339,44.3066291,9.471760924,93.79842125,17.51318284
77,4/16/2020,United Kingdom,5343,1040,112808,16059,30515,6353,64090,12272,67886004,7.870547219,1.531979994,166.1726915,23.65583339,44.9503553,9.358335483,94.40826713,18.07736393
78,4/17/2020,United Kingdom,4990,914,117798,16973,31138,6144,64099,12449,67886004,7.350557856,1.346374725,173.5232494,25.00220811,45.86807024,9.050466426,94.42152465,18.33809514
79,4/18/2020,United Kingdom,4736,1108,122534,18081,32261,6408,64762,12800,67886004,6.976401203,1.632147917,180.4996506,26.63435603,47.52231403,9.439353655,95.3981619,18.85513839
80,4/19/2020,United Kingdom,3860,433,126394,18514,32582,6184,64972,12632,67886004,5.68600267,0.637833978,186.1856532,27.27219001,47.99516554,9.109388734,95.70750401,18.6076647
81,4/20/2020,United Kingdom,4866,576,131260,19090,33243,6035,64522,12638,67886004,7.167898703,0.848481227,193.3535519,28.12067124,48.96885667,8.889903138,95.04462805,18.61650304
82,4/21/2020,United Kingdom,4775,1224,136035,20314,33670,6179,63811,12757,67886004,7.033850453,1.803022608,200.3874024,29.92369384,49.59785231,9.102023445,93.99728404,18.79179691
83,4/22/2020,United Kingdom,5505,857,141540,21171,34075,6152,64153,12582,67886004,8.109182564,1.262410437,208.496585,31.18610428,50.19444067,9.062250888,94.50106976,18.53401181
84,4/23/2020,United Kingdom,5168,684,146708,21855,33900,5796,64415,12149,67886004,7.612762124,1.007571458,216.1093471,32.19367574,49.93665557,8.537842351,94.88701088,17.89617783
85,4/24/2020,United Kingdom,4981,1018,151689,22873,33891,5900,65029,12044,67886004,7.337300337,1.499572725,223.4466474,33.69324846,49.92339805,8.691040351,95.7914683,17.74150678
86,4/25/2020,United Kingdom,3764,816,155453,23689,32919,5608,65180,12016,67886004,5.544589132,1.202015072,228.9912365,34.89526354,48.49158598,8.260907506,96.01390001,17.70026116
87,4/26/2020,United Kingdom,3473,364,158926,24053,32532,5539,65114,11723,67886004,5.115929345,0.536192998,234.1071659,35.43145653,47.92151266,8.159266526,95.9166782,17.26865526
88,4/27/2020,United Kingdom,4704,323,163630,24376,32370,5286,65613,11321,67886004,6.929263357,0.475797633,241.0364292,35.90725417,47.68287731,7.786582931,96.65173399,16.67648607
89,4/28/2020,United Kingdom,4727,971,168357,25347,32322,5033,65992,11212,67886004,6.963143684,1.430339014,247.9995729,37.33759318,47.61217054,7.413899336,97.21002285,16.51592278
90,4/29/2020,United Kingdom,5450,771,173807,26118,32267,4947,66342,11099,67886004,8.028164392,1.135727476,256.0277373,38.47332066,47.53115237,7.287216375,97.72559304,16.34946726
91,4/30/2020,United Kingdom,4964,636,178771,26754,32063,4899,65963,10695,67886004,7.312258356,0.936864689,263.3399957,39.41018535,47.2306486,7.216509606,97.16730418,15.75435196
92,5/1/2020,United Kingdom,4730,700,183501,27454,31812,4581,65703,10481,67886004,6.967562857,1.031140381,270.3075585,40.44132573,46.86091112,6.748077262,96.78430918,15.43911761
93,5/2/2020,United Kingdom,3230,585,186731,28039,31278,4350,64197,9958,67886004,4.757976327,0.861738747,275.0655349,41.30306447,46.07429832,6.407800936,94.5658843,14.66870844
94,5/3/2020,United Kingdom,2977,253,189708,28292,30782,4239,63314,9778,67886004,4.385292733,0.372683595,279.4508276,41.67574807,45.34366171,6.244291533,93.26517436,14.40355806
95,5/4/2020,United Kingdom,3383,273,193091,28565,29461,4189,61831,9475,67886004,4.983354154,0.402144748,284.4341817,42.07789282,43.3977525,6.170638649,91.08062982,13.95722158
96,5/5/2020,United Kingdom,3689,725,196780,29290,28423,3943,60745,8976,67886004,5.434109806,1.067966823,289.8682916,43.14585964,41.86871862,5.808266458,89.48088917,13.22216579
97,5/6/2020,United Kingdom,3836,647,200616,29937,26809,3819,59076,8766,67886004,5.650649286,0.953068323,295.5189408,44.09892796,39.49120352,5.625607305,87.02235589,12.91282368
98,5/7/2020,United Kingdom,3771,458,204387,30395,25616,3641,57679,8540,67886004,5.554900536,0.67466042,301.0738414,44.77358838,37.7338457,5.363403037,84.9644943,12.57991264
99,5/8/2020,United Kingdom,3052,580,207439,30975,23938,3521,55750,8102,67886004,4.495772059,0.854373458,305.5696134,45.62796184,35.2620549,5.186636114,82.12296602,11.93471338
100,5/9/2020,United Kingdom,2150,275,209589,31250,22858,3211,54136,7561,67886004,3.167074026,0.405090864,308.7366875,46.0330527,33.6711526,4.729988231,79.74545092,11.13778917
101,5/10/2020,United Kingdom,2322,217,211911,31467,22203,3175,52985,7414,67886004,3.420439948,0.319653518,312.1571274,46.35270622,32.70629981,4.676958155,78.04996152,10.92124969
102,5/11/2020,United Kingdom,3589,188,215500,31655,22409,3090,51870,7279,67886004,5.286804037,0.276934845,317.4439314,46.62964107,33.0097497,4.551748251,76.4075022,10.7223869
103,5/12/2020,United Kingdom,3395,615,218895,32270,22115,2980,50538,6923,67886004,5.001030846,0.905930477,322.4449623,47.53557154,32.57667074,4.389711906,74.44538936,10.19797836
104,5/13/2020,United Kingdom,3300,448,222195,32718,21579,2781,48388,6600,67886004,4.861090366,0.659929844,327.3060527,48.19550139,31.78711182,4.096573426,71.27831534,9.722180731
105,5/14/2020,United Kingdom,2618,353,224813,33071,20426,2676,46042,6317,67886004,3.856465023,0.519989363,331.1625177,48.71549075,30.08867631,3.941902369,67.822522,9.305305406
106,5/15/2020,United Kingdom,2521,351,227334,33422,19895,2447,43833,5968,67886004,3.713578428,0.517043248,334.8760961,49.232534,29.30648267,3.604572159,64.56853757,8.791208273
107,5/16/2020,United Kingdom,2072,411,229406,33833,19817,2583,42675,5794,67886004,3.052175526,0.605426709,337.9282716,49.83796071,29.19158417,3.804908004,62.86273677,8.534896236
108,5/17/2020,United Kingdom,1826,67,231232,33900,19321,2433,41524,5608,67886004,2.689803336,0.098694865,340.618075,49.93665557,28.46094756,3.583949351,61.16724738,8.260907506
109,5/18/2020,United Kingdom,2577,146,233809,34046,18309,2391,40718,5481,67886004,3.796069658,0.215066422,344.4141446,50.151722,26.97021318,3.522080928,59.97996288,8.07382918
110,5/19/2020,United Kingdom,3058,501,236867,34547,17972,2277,40087,5257,67886004,4.504610405,0.738001901,348.918755,50.8897239,26.47379274,3.354152352,59.05046348,7.743864258
111,5/20/2020,United Kingdom,2712,329,239579,34876,17384,2158,38963,4939,67886004,3.994932446,0.484635979,352.9136875,51.37435988,25.60763482,3.178858488,57.39474664,7.275431914
112,5/21/2020,United Kingdom,2554,273,242133,35149,17320,2078,37746,4754,67886004,3.762189331,0.402144748,356.6758768,51.77650462,25.51335913,3.061013873,55.60203544,7.002916242
113,5/22/2020,United Kingdom,2041,291,244174,35440,16840,2018,36735,4465,67886004,3.006510738,0.428659787,359.6823876,52.20516441,24.80629144,2.972630411,54.11277411,6.57720257
114,5/23/2020,United Kingdom,1508,220,245682,35660,16276,1827,36093,4410,67886004,2.221370991,0.324072691,361.9037585,52.5292371,23.97548691,2.691276393,53.16707108,6.496184398
115,5/24/2020,United Kingdom,1355,379,247037,36039,15805,2139,35126,4572,67886004,1.995993165,0.558288863,363.8997517,53.08752596,23.28167674,3.150870391,51.7426243,6.734819743
116,5/25/2020,United Kingdom,1613,104,248650,36143,14841,2097,33150,4488,67886004,2.376042048,0.153197999,366.2757938,53.24072396,21.86164913,3.089001969,48.83186231,6.611082897
117,5/26/2020,United Kingdom,1659,131,250309,36274,13442,1727,31414,4004,67886004,2.443802702,0.192970557,368.7195965,53.43369452,19.80084142,2.543970625,46.27463416,5.898122977
118,5/27/2020,United Kingdom,1809,422,252118,36696,12539,1820,29923,3978,67886004,2.664761355,0.621630344,371.3843578,54.05532486,18.47067033,2.680964989,44.07830515,5.859823477
119,5/28/2020,United Kingdom,1736,343,253854,37039,11721,1890,29041,3968,67886004,2.557228144,0.505258786,373.941586,54.56058365,17.26570914,2.784079028,42.77906827,5.8450929
120,5/29/2020,United Kingdom,1508,274,255362,37313,11188,1873,28028,3891,67886004,2.221370991,0.403617806,376.1629569,54.96420146,16.4805694,2.759037047,41.28686084,5.731667458
121,5/30/2020,United Kingdom,1107,154,256469,37467,10787,1807,27063,3634,67886004,1.630674859,0.226850884,377.7936318,55.19105234,15.88987326,2.66181524,39.86536017,5.353091633
122,5/31/2020,United Kingdom,1070,60,257539,37527,10502,1488,26307,3627,67886004,1.576171725,0.088383461,379.3698035,55.2794358,15.47005182,2.191909838,38.75172856,5.342780229
123,6/1/2020,United Kingdom,1444,86,258983,37613,10333,1470,25174,3567,67886004,2.127095299,0.126682961,381.4968988,55.40611876,15.22110507,2.165394799,37.0827542,5.254396768
124,6/2/2020,United Kingdom,1470,250,260453,37863,10144,1589,23586,3316,67886004,2.165394799,0.368264422,383.6622936,55.77438319,14.94269717,2.340688664,34.74353859,4.884659289
125,6/3/2020,United Kingdom,1349,254,261802,38117,9684,1421,22223,3241,67886004,1.987154819,0.374156652,385.6494484,56.14853984,14.26509064,2.093214973,32.73576097,4.774179962
126,6/4/2020,United Kingdom,1238,130,263040,38247,9186,1208,20907,3098,67886004,1.823645416,0.191497499,387.4730939,56.34003734,13.53150791,1.779453685,30.79721705,4.563532713
127,6/5/2020,United Kingdom,1110,258,264150,38505,8788,1192,19976,3065,67886004,1.635094032,0.380048883,389.1081879,56.72008622,12.94523095,1.755884762,29.42580035,4.514921809
128,6/6/2020,United Kingdom,794,143,264944,38648,8475,1181,19262,2988,67886004,1.169607803,0.210647249,390.2777957,56.93073347,12.48416389,1.739681128,28.37403716,4.401496367
129,6/7/2020,United Kingdom,718,54,265662,38702,8123,1175,18625,2663,67886004,1.057655419,0.079545115,391.3354511,57.01027858,11.96564759,1.730842782,27.43569941,3.922752619
130,6/8/2020,United Kingdom,1094,47,266756,38749,7773,1136,18106,2606,67886004,1.611525109,0.069233711,392.9469762,57.0795123,11.4500774,1.673393532,26.67118247,3.838788331
131,6/9/2020,United Kingdom,1159,197,267915,38946,7462,1083,17606,2672,67886004,1.707273859,0.290192364,394.6542501,57.36970466,10.99195646,1.595321475,25.93465363,3.936010138
132,6/10/2020,United Kingdom,1186,164,269101,39110,7299,993,16983,2414,67886004,1.747046416,0.241581461,396.4012965,57.61128612,10.75184805,1.462746283,25.01693869,3.555961255
133,6/11/2020,United Kingdom,1007,76,270108,39186,7068,939,16254,2147,67886004,1.48336909,0.111952384,397.8846656,57.7232385,10.41157173,1.383201168,23.94307964,3.162654853
134,6/12/2020,United Kingdom,1054,131,271162,39317,7012,812,15800,2004,67886004,1.552602802,0.192970557,399.4372684,57.91620906,10.3290805,1.196122841,23.27431145,2.952007604
135,6/13/2020,United Kingdom,888,107,272050,39424,7106,776,15581,1957,67886004,1.308075226,0.157617172,400.7453436,58.07382623,10.46754792,1.143092765,22.95171181,2.882773893
136,6/14/2020,United Kingdom,807,27,272857,39451,7195,749,15318,1924,67886004,1.188757553,0.039772558,401.9341012,58.11359879,10.59865005,1.103320207,22.56429764,2.834162989
137,6/15/2020,United Kingdom,1031,29,273888,39480,7132,731,14905,1867,67886004,1.518722475,0.042718673,403.4528236,58.15631746,10.50584742,1.076805169,21.95592482,2.750198701
138,6/16/2020,United Kingdom,1083,120,274971,39600,7056,654,14518,1737,67886004,1.595321475,0.176766922,405.0481451,58.33308439,10.39389504,0.963379727,21.38585149,2.558701202
139,6/17/2020,United Kingdom,999,110,275970,39710,6869,600,14168,1593,67886004,1.471584629,0.162036346,406.5197298,58.49512073,10.11843325,0.883834612,20.8702813,2.346580895
140,6/18/2020,United Kingdom,1020,67,276990,39777,6882,591,13950,1530,67886004,1.50251884,0.098694865,408.0222486,58.5938156,10.137583,0.870577093,20.54915473,2.25377826
141,6/19/2020,United Kingdom,984,84,277974,39861,6812,544,13824,1356,67886004,1.449488764,0.123736846,409.4717374,58.71755244,10.03446896,0.801343381,20.36354946,1.997466223
142,6/20/2020,United Kingdom,666,71,278640,39932,6590,508,13696,1284,67886004,0.981056419,0.104587096,410.4527938,58.82213954,9.707450154,0.748313305,20.17499807,1.89140607
143,6/21/2020,United Kingdom,624,31,279264,39963,6407,512,13602,1261,67886004,0.919187996,0.045664788,411.3719818,58.86780433,9.437880598,0.754205536,20.03653065,1.857525743
144,6/22/2020,United Kingdom,892,13,280156,39976,6268,496,13400,1227,67886004,1.313967456,0.01914975,412.6859492,58.88695408,9.233125579,0.730636613,19.738973,1.807441781
145,6/23/2020,United Kingdom,882,94,281038,40070,6067,470,13123,1124,67886004,1.29923688,0.138467423,413.9851861,59.0254215,8.937040984,0.692337113,19.33093602,1.65571684
146,6/24/2020,United Kingdom,777,87,281815,40157,5845,447,12714,1047,67886004,1.144565822,0.128156019,415.1297519,59.15357752,8.610022178,0.658456786,18.72845543,1.542291398
147,6/25/2020,United Kingdom,697,99,282512,40256,5522,479,12404,1070,67886004,1.026721208,0.145832711,416.1564731,59.29941023,8.134224545,0.705594632,18.27180754,1.576171725
148,6/26/2020,United Kingdom,639,77,283151,40333,5177,472,11989,1016,67886004,0.941283862,0.113425442,417.097757,59.41283567,7.626019643,0.695283228,17.6604886,1.49662661
149,6/27/2020,United Kingdom,634,40,283785,40373,5145,441,11735,949,67886004,0.933918573,0.058922307,418.0316756,59.47175798,7.578881797,0.64961844,17.28633195,1.397931745
150,6/28/2020,United Kingdom,407,31,284192,40404,4928,441,11335,953,67886004,0.599534478,0.045664788,418.6312101,59.51742277,7.259228279,0.64961844,16.69710888,1.403823975
151,6/29/2020,United Kingdom,620,21,284812,40425,4656,449,10924,945,67886004,0.913295766,0.030934211,419.5445058,59.54835698,6.858556588,0.661402901,16.09168217,1.392039514
152,6/30/2020,United Kingdom,404,54,285216,40479,4178,409,10245,879,67886004,0.595115305,0.079545115,420.1396211,59.62790209,6.154435014,0.602480594,15.091476,1.294817706
153,7/1/2020,United Kingdom,63,97,285279,40576,3464,419,9309,866,67886004,0.092802634,0.142886596,420.2324238,59.77078869,5.102671826,0.617211171,13.712694,1.275667957
154,7/2/2020,United Kingdom,6,41,285285,40617,2773,361,8295,840,67886004,0.008838346,0.060395365,420.2412621,59.83118405,4.084788965,0.531773825,12.21901351,1.237368457
155,7/3/2020,United Kingdom,502,49,285787,40666,2636,333,7813,805,67886004,0.739474959,0.072179827,420.9807371,59.90336388,3.882980062,0.49052821,11.5089997,1.185811438
156,7/4/2020,United Kingdom,625,32,286412,40698,2627,325,7772,766,67886004,0.920661054,0.047137846,421.9013981,59.95050173,3.869722543,0.478743748,11.44860434,1.128362188
157,7/5/2020,United Kingdom,519,19,286931,40717,2739,313,7667,754,67886004,0.764516939,0.027988096,422.6659151,59.97848982,4.034705003,0.461067056,11.29393328,1.110685496
158,7/6/2020,United Kingdom,359,11,287290,40728,2478,303,7134,752,67886004,0.528827709,0.016203635,423.1947428,59.99469346,3.650236947,0.446336479,10.50879354,1.10773938
159,7/7/2020,United Kingdom,584,54,287874,40782,2658,303,6836,712,67886004,0.860265689,0.079545115,424.0550085,60.07423857,3.915387331,0.446336479,10.06982235,1.048817073
160,7/8/2020,United Kingdom,637,57,288511,40839,3232,263,6696,682,67886004,0.938337746,0.083964288,424.9933462,60.15820286,4.760922443,0.387414172,9.863594269,1.004625342
161,7/9/2020,United Kingdom,643,31,289154,40870,3869,253,6642,614,67886004,0.947176092,0.045664788,425.9405223,60.20386765,5.699260189,0.372683595,9.784049154,0.90445742
162,7/10/2020,United Kingdom,524,34,289678,40904,3891,238,6527,571,67886004,0.771882228,0.050083961,426.7124045,60.25395161,5.731667458,0.350587729,9.61464752,0.841115939
163,7/11/2020,United Kingdom,826,17,290504,40921,4092,223,6719,548,67886004,1.216745649,0.025041981,427.9291502,60.27899359,6.027752053,0.328491864,9.897474596,0.807235612
164,7/12/2020,United Kingdom,650,9,291154,40930,4223,213,6962,526,67886004,0.957487496,0.013257519,428.8866377,60.29225111,6.22072261,0.313761287,10.25542761,0.774828343
165,7/13/2020,United Kingdom,537,10,291691,40940,4401,212,6879,515,67886004,0.791031978,0.014730577,429.6776696,60.30698169,6.482926878,0.31228823,10.13316383,0.758624709
166,7/14/2020,United Kingdom,1240,44,292931,40984,5057,202,7715,505,67886004,1.826591531,0.064814538,431.5042612,60.37179622,7.449252721,0.297557653,11.36464005,0.743894132
167,7/15/2020,United Kingdom,538,26,293469,41010,4958,171,8190,434,67886004,0.792505035,0.0382995,432.2967662,60.41009572,7.30342001,0.251892864,12.06434245,0.639307036
168,7/16/2020,United Kingdom,647,24,294116,41034,4962,164,8831,417,67886004,0.953068323,0.035353384,433.2498345,60.44544911,7.309312241,0.241581461,13.00857243,0.614265055
169,7/17/2020,United Kingdom,687,26,294803,41060,5125,156,9016,394,67886004,1.011990631,0.0382995,434.2618252,60.48374861,7.549420643,0.229796999,13.2810881,0.580384728
170,7/18/2020,United Kingdom,829,9,295632,41069,5128,148,9220,371,67886004,1.221164822,0.013257519,435.48299,60.49700613,7.553839817,0.218012538,13.58159187,0.546504402
171,7/19/2020,United Kingdom,726,11,296358,41080,5204,150,9427,363,67886004,1.06943988,0.016203635,436.5524299,60.51320976,7.665792201,0.220958653,13.88651481,0.53471994
172,7/20/2020,United Kingdom,586,10,296944,41090,5253,150,9654,362,67886004,0.863211804,0.014730577,437.4156417,60.52794034,7.737972027,0.220958653,14.22089891,0.533246883
173,7/21/2020,United Kingdom,445,25,297389,41115,4458,131,9515,333,67886004,0.655510671,0.036826442,438.0711523,60.56476678,6.566891167,0.192970557,14.01614389,0.49052821
174,7/22/2020,United Kingdom,563,17,297952,41132,4483,122,9441,293,67886004,0.829331478,0.025041981,438.9004838,60.58980876,6.603717609,0.179713038,13.90713762,0.431605902
175,7/23/2020,United Kingdom,779,9,298731,41141,4615,107,9577,271,67886004,1.147511938,0.013257519,440.0479958,60.60306628,6.798161223,0.157617172,14.10747346,0.399198633
176,7/24/2020,United Kingdom,769,32,299500,41173,4697,113,9822,269,67886004,1.132781361,0.047137846,441.1807771,60.65020413,6.918951954,0.166455519,14.4683726,0.396252518
177,7/25/2020,United Kingdom,770,15,300270,41188,4638,119,9766,267,67886004,1.134254419,0.022095865,442.3150315,60.67229999,6.83204155,0.175293865,14.38588137,0.393306402
178,7/26/2020,United Kingdom,750,8,301020,41196,4662,116,9866,266,67886004,1.104793265,0.011784461,443.4198248,60.68408445,6.867394935,0.170874692,14.53318714,0.391833345
179,7/27/2020,United Kingdom,688,3,301708,41199,4764,109,10017,259,67886004,1.013463688,0.004419173,444.4332885,60.68850363,7.017646819,0.160563288,14.75561885,0.381521941
180,7/28/2020,United Kingdom,553,21,302261,41220,4872,105,9330,236,67886004,0.814600901,0.030934211,445.2478894,60.71943784,7.176737049,0.154671057,13.74362822,0.347641614
181,7/29/2020,United Kingdom,802,34,303063,41254,5111,122,9594,244,67886004,1.181392265,0.050083961,446.4292817,60.7695218,7.528797836,0.179713038,14.13251544,0.359426076
182,7/30/2020,United Kingdom,847,0,303910,41254,5179,113,9794,220,67886004,1.24767986,0,447.6769615,60.7695218,7.628965759,0.166455519,14.42712698,0.324072691
183,7/31/2020,United Kingdom,883,20,304793,41274,5293,101,9990,214,67886004,1.300709937,0.029461154,448.9776715,60.79898295,7.796894335,0.148778826,14.71584629,0.315234345
184,8/1/2020,United Kingdom,769,13,305562,41287,5292,99,9930,218,67886004,1.132781361,0.01914975,450.1104528,60.8181327,7.795421277,0.145832711,14.62746283,0.321126576
185,8/2/2020,United Kingdom,747,5,306309,41292,5289,96,9951,212,67886004,1.100374092,0.007365288,451.2108269,60.82549799,7.791002104,0.141413538,14.65839704,0.31228823
186,8/3/2020,United Kingdom,942,1,307251,41293,5543,94,10307,203,67886004,1.387620341,0.001473058,452.5984472,60.82697105,8.165158756,0.138467423,15.18280558,0.29903071
187,8/4/2020,United Kingdom,675,18,307926,41311,5665,91,10537,196,67886004,0.994313938,0.026515038,453.5927612,60.85348609,8.344871794,0.134048249,15.52160884,0.288719307
188,8/5/2020,United Kingdom,906,14,308832,41325,5769,71,10880,193,67886004,1.334590264,0.020622808,454.9273514,60.8741089,8.498069794,0.104587096,16.02686763,0.284300134
189,8/6/2020,United Kingdom,964,18,309796,41343,5886,89,11065,202,67886004,1.42002761,0.026515038,456.3473791,60.90062393,8.670417543,0.131102134,16.2993833,0.297557653
190,8/7/2020,United Kingdom,900,12,310696,41355,5903,81,11196,182,67886004,1.325751918,0.017676692,457.673131,60.91830063,8.695459524,0.119317673,16.49235386,0.268096499
191,8/8/2020,United Kingdom,765,3,311461,41358,5899,71,11191,170,67886004,1.12688913,0.004419173,458.8000201,60.9227198,8.689567293,0.104587096,16.48498857,0.250419807
192,8/9/2020,United Kingdom,1113,5,312574,41363,6265,71,11554,167,67886004,1.639513205,0.007365288,460.4395333,60.93008509,9.228706406,0.104587096,17.01970851,0.246000634
193,8/10/2020,United Kingdom,818,18,313392,41381,6141,88,11684,182,67886004,1.204961188,0.026515038,461.6444945,60.95660013,9.046047253,0.129629076,17.21120601,0.268096499
194,8/11/2020,United Kingdom,1150,13,314542,41394,6616,83,12281,174,67886004,1.69401634,0.01914975,463.3385108,60.97574988,9.745749654,0.122263788,18.09062145,0.256312037
195,8/12/2020,United Kingdom,1039,20,315581,41414,6749,89,12518,160,67886004,1.530506936,0.029461154,464.8690178,61.00521103,9.941666326,0.131102134,18.43973612,0.23568923
196,8/13/2020,United Kingdom,1148,18,316729,41432,6933,89,12819,178,67886004,1.691070224,0.026515038,466.560088,61.03172607,10.21270894,0.131102134,18.88312648,0.262204268
197,8/14/2020,United Kingdom,1461,11,318190,41443,7494,88,13397,169,67886004,2.15213728,0.016203635,468.7122253,61.0479297,11.0390943,0.129629076,19.73455383,0.248946749
198,8/15/2020,United Kingdom,1042,3,319232,41446,7771,88,13670,159,67886004,1.534926109,0.004419173,470.2471514,61.05234888,11.44713128,0.129629076,20.13669857,0.234216172
199,8/16/2020,United Kingdom,1111,5,320343,41451,7769,88,14034,159,67886004,1.63656709,0.007365288,471.8837185,61.05971416,11.44418517,0.129629076,20.67289157,0.234216172
200,8/17/2020,United Kingdom,721,3,321064,41454,7672,73,13813,161,67886004,1.062074592,0.004419173,472.9457931,61.06413334,11.30129857,0.107533211,20.34734582,0.237162288
201,8/18/2020,United Kingdom,1113,12,322177,41466,7635,72,14251,155,67886004,1.639513205,0.017676692,474.5853063,61.08181003,11.24679544,0.106060153,20.99254509,0.228323941
202,8/19/2020,United Kingdom,831,17,323008,41483,7427,69,14176,158,67886004,1.224110938,0.025041981,475.8094172,61.10685201,10.94039944,0.10164098,20.88206576,0.232743114
203,8/20/2020,United Kingdom,1195,6,324203,41489,7474,57,14407,146,67886004,1.760303935,0.008838346,477.5697211,61.11569036,11.00963315,0.083964288,21.22234209,0.215066422
204,8/21/2020,United Kingdom,1060,2,325263,41491,7073,48,14567,136,67886004,1.561441148,0.002946115,479.1311623,61.11863647,10.41893702,0.070706769,21.45803132,0.200335845
205,8/22/2020,United Kingdom,1332,18,326595,41509,7363,63,15134,151,67886004,1.962112838,0.026515038,481.0932751,61.14515151,10.84612375,0.092802634,22.29325503,0.222431711
206,8/23/2020,United Kingdom,1048,6,327643,41515,7300,64,15069,152,67886004,1.543764455,0.008838346,482.6370396,61.15398986,10.75332111,0.094275692,22.19750628,0.223904768
207,8/24/2020,United Kingdom,977,4,328620,41519,7556,65,15228,138,67886004,1.43917736,0.005892231,484.0762169,61.15988209,11.13042388,0.09574875,22.43172245,0.203281961
208,8/25/2020,United Kingdom,1201,16,329821,41535,7644,69,15279,141,67886004,1.769142282,0.023568923,485.8453592,61.18345101,11.26005296,0.10164098,22.50684839,0.207701134
209,8/26/2020,United Kingdom,1146,17,330967,41552,7959,69,15386,138,67886004,1.688124109,0.025041981,487.5334833,61.20849299,11.72406613,0.10164098,22.66446556,0.203281961
210,8/27/2020,United Kingdom,1542,12,332509,41564,8306,75,15780,132,67886004,2.271454953,0.017676692,489.8049383,61.22616968,12.23521714,0.110479326,23.24485029,0.194443615
211,8/28/2020,United Kingdom,1297,9,333806,41573,8543,82,15616,130,67886004,1.910555819,0.013257519,491.7154941,61.2394272,12.58433182,0.12079073,23.00326883,0.191497499
212,8/29/2020,United Kingdom,1110,12,334916,41585,8321,76,15684,139,67886004,1.635094032,0.017676692,493.3505881,61.25710389,12.25731301,0.111952384,23.10343676,0.204755018
213,8/30/2020,United Kingdom,1752,1,336668,41586,9025,71,16325,135,67886004,2.580797067,0.001473058,495.9313852,61.25857695,13.29434562,0.104587096,24.04766673,0.198862788
214,8/31/2020,United Kingdom,1415,3,338083,41589,9463,70,17019,135,67886004,2.084376626,0.004419173,498.0157618,61.26299613,13.93954489,0.103114038,25.06996877,0.198862788
215,9/1/2020,United Kingdom,1332,3,339415,41592,9594,57,17238,126,67886004,1.962112838,0.004419173,499.9778747,61.2674153,14.13251544,0.083964288,25.3925684,0.185605269
216,9/2/2020,United Kingdom,1514,10,340929,41602,9962,50,17921,119,67886004,2.230209337,0.014730577,502.208084,61.28214588,14.67460067,0.073652884,26.3986668,0.175293865
217,9/3/2020,United Kingdom,1779,14,342708,41616,10199,52,18505,127,67886004,2.620569624,0.020622808,504.8286536,61.30276868,15.02371534,0.076599,27.25893249,0.187078326
218,9/4/2020,United Kingdom,1978,10,344686,41626,10880,53,19423,135,67886004,2.913708104,0.014730577,507.7423617,61.31749926,16.02686763,0.078072057,28.61119945,0.198862788
219,9/5/2020,United Kingdom,1827,12,346513,41638,11597,53,19918,129,67886004,2.691276393,0.017676692,510.4336381,61.33517595,17.08304999,0.078072057,29.340363,0.190024442
220,9/6/2020,United Kingdom,2987,2,349500,41640,12832,54,21857,125,67886004,4.40002331,0.002946115,514.8336614,61.33812207,18.90227623,0.079545115,32.19662185,0.184132211
221,9/7/2020,United Kingdom,2951,3,352451,41643,14368,54,23831,124,67886004,4.346993233,0.004419173,519.1806547,61.34254124,21.16489284,0.079545115,35.10443773,0.182659153
222,9/8/2020,United Kingdom,2481,32,354932,41675,15517,83,25111,140,67886004,3.65465612,0.047137846,522.8353108,61.38967909,22.85743612,0.122263788,36.98995157,0.206228076
223,9/9/2020,United Kingdom,2681,8,357613,41683,16684,81,26646,131,67886004,3.949267658,0.011784461,526.7845785,61.40146355,24.57649444,0.119317673,39.25109512,0.192970557
224,9/10/2020,United Kingdom,2931,14,360544,41697,17836,81,28035,133,67886004,4.317532079,0.020622808,531.1021105,61.42208636,26.2734569,0.119317673,41.29717224,0.195916672
225,9/11/2020,United Kingdom,3544,6,364088,41703,19402,77,30282,130,67886004,5.220516441,0.008838346,536.322627,61.4309247,28.58026523,0.113425442,44.60713286,0.191497499
226,9/12/2020,United Kingdom,3504,9,367592,41712,21079,74,32676,127,67886004,5.161594134,0.013257519,541.4842211,61.44418222,31.05058297,0.109006269,48.13363297,0.187078326
227,9/13/2020,United Kingdom,3338,5,370930,41717,21430,77,34262,131,67886004,4.917066558,0.007365288,546.4012877,61.45154751,31.56762622,0.113425442,50.46990246,0.192970557
228,9/14/2020,United Kingdom,2625,9,373555,41726,21104,83,35472,137,67886004,3.866776427,0.013257519,550.2680641,61.46480503,31.08740942,0.122263788,52.25230226,0.201808903
229,9/15/2020,United Kingdom,3115,27,376670,41753,21738,78,37255,161,67886004,4.588574694,0.039772558,554.8566388,61.50457759,32.02132799,0.1148985,54.87876411,0.237162288
230,9/16/2020,United Kingdom,4007,20,380677,41773,23064,90,39748,171,67886004,5.90254215,0.029461154,560.7591809,61.53403874,33.97460248,0.132575192,58.55109692,0.251892864
231,9/17/2020,United Kingdom,3410,21,384087,41794,23543,97,41379,178,67886004,5.023126711,0.030934211,565.7823076,61.56497295,34.68019711,0.142886596,60.95365401,0.262204268
232,9/18/2020,United Kingdom,4329,27,388416,41821,24328,118,43730,195,67886004,6.376866725,0.039772558,572.1591744,61.60474551,35.8365474,0.173820807,64.41681263,0.287246249
233,9/19/2020,United Kingdom,4429,27,392845,41848,25253,136,46332,210,67886004,6.524172494,0.039772558,578.6833469,61.64451807,37.19912576,0.200335845,68.24970873,0.309342114
234,9/20/2020,United Kingdom,3899,18,396744,41866,25814,149,47244,226,67886004,5.74345192,0.026515038,584.4267988,61.6710331,38.02551112,0.219485595,69.59313734,0.332911037
235,9/21/2020,United Kingdom,4378,11,401122,41877,27567,151,48671,234,67886004,6.449046552,0.016203635,590.8758453,61.68723674,40.60778124,0.222431711,71.69519066,0.344695499
236,9/22/2020,United Kingdom,4936,37,406058,41914,29388,161,51126,239,67886004,7.271012741,0.054503134,598.1468581,61.74173987,43.29021929,0.237162288,75.31154728,0.352060787
237,9/23/2020,United Kingdom,6187,37,412245,41951,31568,178,54632,268,67886004,9.113807907,0.054503134,607.260666,61.79624301,46.50148505,0.262204268,80.47608753,0.39477946
238,9/24/2020,United Kingdom,6644,40,418889,41991,34802,197,58345,294,67886004,9.786995269,0.058922307,617.0476613,61.85516532,51.26535361,0.290192364,85.94555072,0.43307896
239,9/25/2020,United Kingdom,6878,34,425767,42025,37351,204,61679,322,67886004,10.13169077,0.050083961,627.179352,61.90524928,55.02017765,0.300503768,90.85672505,0.474324575
240,9/26/2020,United Kingdom,6050,35,431817,42060,38972,212,64225,348,67886004,8.911999004,0.051557019,636.091351,61.9568063,57.40800416,0.31228823,94.60712992,0.512624075
241,9/27/2020,United Kingdom,5700,17,437517,42077,40773,211,66587,360,67886004,8.396428813,0.025041981,644.4877798,61.98184828,60.06098105,0.310815172,98.08649217,0.530300767
242,9/28/2020,United Kingdom,4056,13,441573,42090,40451,213,68018,364,67886004,5.974721977,0.01914975,650.4625018,62.00099803,59.58665648,0.313761287,100.1944377,0.536192998
243,9/29/2020,United Kingdom,7156,72,448729,42162,42671,248,72059,409,67886004,10.5412008,0.106060153,661.0037026,62.10705818,62.85684454,0.365318306,106.1470638,0.602480594
244,9/30/2020,United Kingdom,7117,71,455846,42233,43601,282,75169,460,67886004,10.48375156,0.104587096,671.4874542,62.21164528,64.22678819,0.415402268,110.7282732,0.677606536
245,10/1/2020,United Kingdom,6929,59,462775,42292,43886,301,78688,498,67886004,10.20681671,0.086910404,681.6942709,62.29855568,64.64660963,0.443390364,115.9119632,0.733582728
246,10/2/2020,United Kingdom,6994,66,469769,42358,44002,333,81353,537,67886004,10.30256546,0.097221807,691.9968363,62.39577749,64.81748432,0.49052821,119.837662,0.791031978
247,10/3/2020,United Kingdom,12885,49,482654,42407,50837,347,89809,559,67886004,18.98034829,0.072179827,710.9771846,62.46795731,74.88583361,0.511151017,132.2938378,0.823439247
248,10/4/2020,United Kingdom,22965,33,505619,42440,68102,363,108875,574,67886004,33.82876977,0.048610904,744.8059544,62.51656822,100.3181746,0.53471994,160.3791556,0.845535112
249,10/5/2020,United Kingdom,12603,19,518222,42459,76649,369,117100,582,67886004,18.56494602,0.027988096,763.3709004,62.54455631,112.9083986,0.543558286,172.4950551,0.857319574
250,10/6/2020,United Kingdom,14557,76,532779,42535,84050,373,126721,621,67886004,21.44330074,0.111952384,784.8142012,62.6565087,123.8104986,0.549450517,186.6673431,0.914768823
251,10/7/2020,United Kingdom,14173,70,546952,42605,91106,372,134707,654,67886004,20.87764659,0.103114038,805.6918478,62.75962273,134.2043936,0.547977459,198.4311818,0.963379727
252,10/8/2020,United Kingdom,17550,77,564502,42682,101727,390,145613,691,67886004,25.8521624,0.113425442,831.5440102,62.87304818,149.8497393,0.574492498,214.4963489,1.017882861
253,10/9/2020,United Kingdom,13888,87,578390,42769,108621,411,152623,744,67886004,20.45782515,0.128156019,852.0018353,63.0012042,160.004999,0.605426709,224.8224833,1.095954919
254,10/10/2020,United Kingdom,15175,81,593565,42850,110911,443,161748,790,67886004,22.35365039,0.119317673,874.3554857,63.12052187,163.3783011,0.652564555,238.2641347,1.163715572
255,10/11/2020,United Kingdom,12882,65,606447,42915,100828,475,168930,838,67886004,18.97592912,0.09574875,893.3314148,63.21627062,148.5254604,0.699702401,248.843635,1.234422341
256,10/12/2020,United Kingdom,14011,50,620458,42965,102236,506,178885,875,67886004,20.63901125,0.073652884,913.9704261,63.2899235,150.5995256,0.745367189,263.5079243,1.288925476
257,10/13/2020,United Kingdom,17250,143,637708,43108,104929,573,188979,946,67886004,25.41024509,0.210647249,939.3806712,63.50057075,154.56647,0.844062054,278.3769685,1.393512571
258,10/14/2020,United Kingdom,19751,137,657459,43245,110507,640,201613,1012,67886004,29.09436237,0.201808903,968.4750335,63.70237965,162.7831858,0.942756919,296.9875794,1.490734379
259,10/15/2020,United Kingdom,18996,138,676455,43383,111953,701,213680,1091,67886004,27.98220381,0.203281961,996.4572373,63.90566161,164.9132272,1.032613438,314.7629665,1.607105936
260,10/16/2020,United Kingdom,15657,136,692112,43519,113722,750,222343,1161,67886004,23.0636642,0.200335845,1019.520902,64.10599746,167.5190662,1.104793265,327.5240652,1.710219974
261,10/17/2020,United Kingdom,16186,150,708298,43669,114733,819,225644,1262,67886004,23.84291171,0.220958653,1043.363813,64.32695611,169.0083275,1.206434245,332.3866286,1.8589988
262,10/18/2020,United Kingdom,16994,67,725292,43736,118845,821,219673,1296,67886004,25.03314232,0.098694865,1068.396956,64.42565098,175.0655408,1.209380361,323.5910012,1.909082762
263,10/19/2020,United Kingdom,18830,80,744122,43816,123664,851,225900,1357,67886004,27.73767624,0.117844615,1096.134632,64.54349559,182.1642057,1.253572091,332.7637314,1.998939281
264,10/20/2020,United Kingdom,21365,241,765487,44057,127779,949,232708,1522,67886004,31.47187747,0.355006902,1127.606509,64.8985025,188.2258381,1.397931745,342.7923081,2.241993799
265,10/21/2020,United Kingdom,26707,191,792194,44248,134735,1003,245242,1643,67886004,39.34095163,0.281354018,1166.947461,65.17985651,198.4724274,1.47747686,361.2556132,2.420233779
266,10/22/2020,United Kingdom,21257,189,813451,44437,136996,1054,248949,1755,67886004,31.31278724,0.278407903,1198.260248,65.45826442,201.8030108,1.552602802,366.716238,2.58521624
267,10/23/2020,United Kingdom,20559,224,834010,44661,141898,1142,255620,1892,67886004,30.28459298,0.329964922,1228.544841,65.78822934,209.0239396,1.682231878,376.5430058,2.787025143
268,10/24/2020,United Kingdom,23033,174,857043,44835,148745,1166,263478,1985,67886004,33.92893769,0.256312037,1262.473779,66.04454138,219.1099656,1.717585262,388.1182931,2.924019508
269,10/25/2020,United Kingdom,19797,151,876840,44986,151548,1250,270393,2071,67886004,29.16212302,0.222431711,1291.635902,66.26697309,223.2389463,1.841322108,398.304487,3.050702469
270,10/26/2020,United Kingdom,20900,102,897740,45088,153618,1272,277282,2123,67886004,30.78690565,0.150251884,1322.422808,66.41722497,226.2881757,1.873729377,408.4523814,3.127301469
271,10/27/2020,United Kingdom,22924,367,920664,45455,155177,1398,282956,2347,67886004,33.76837441,0.540612171,1356.191182,66.95783714,228.5846726,2.059334646,416.8105107,3.45726639
272,10/28/2020,United Kingdom,24714,310,945378,45765,153184,1517,287919,2520,67886004,36.40514766,0.456647883,1392.59633,67.41448502,225.6488687,2.23462851,424.121296,3.71210537
273,10/29/2020,United Kingdom,23078,280,968456,46045,155005,1608,292001,2662,67886004,33.99522529,0.412456152,1426.591555,67.82694118,228.3313067,2.36867676,430.1343175,3.921279562
274,10/30/2020,United Kingdom,24418,274,992874,46319,158864,1658,300762,2800,67886004,35.96912259,0.403617806,1462.560677,68.23055898,234.0158363,2.442329644,443.0397759,4.124561522
275,10/31/2020,United Kingdom,21919,326,1014793,46645,157750,1810,306495,2976,67886004,32.28795143,0.480216806,1494.848629,68.71077579,232.3748501,2.666234413,451.4848156,4.383819675
276,11/1/2020,United Kingdom,23261,162,1038054,46807,161214,1821,312762,3071,67886004,34.26479485,0.238635345,1529.113424,68.94941113,237.4775219,2.682438047,460.7164682,4.523760155
277,11/2/2020,United Kingdom,18967,136,1057021,46943,159281,1855,312899,3127,67886004,27.93948514,0.200335845,1557.052909,69.14974698,234.6301014,2.732522009,460.9182771,4.606251386
278,11/3/2020,United Kingdom,20078,397,1077099,47340,156435,1885,311612,3283,67886004,29.57605223,0.584803902,1586.628961,69.73455088,230.4377792,2.776713739,459.0224518,4.836048385
279,11/4/2020,United Kingdom,25206,492,1102305,47832,156927,2067,310111,3584,67886004,37.12989205,0.724744382,1623.758853,70.45929526,231.1625236,3.044810238,456.8113922,5.279438749
280,11/5/2020,United Kingdom,24164,378,1126469,48210,158013,2165,313018,3773,67886004,35.59496594,0.556815806,1659.353819,71.01611107,232.7622642,3.189169891,461.0935709,5.557846651
281,11/6/2020,United Kingdom,23322,355,1149791,48565,156917,2246,315781,3904,67886004,34.35465137,0.522935479,1693.70847,71.53904655,231.147793,3.308487564,465.1636293,5.750817208
282,11/7/2020,United Kingdom,24979,413,1174770,48978,159977,2333,317727,4143,67886004,36.79550795,0.608372825,1730.503978,72.14741937,235.6553495,3.436643583,468.0301996,6.102877995
283,11/8/2020,United Kingdom,20580,156,1195350,49134,157296,2327,318510,4148,67886004,30.31552719,0.229796999,1760.819506,72.37721637,231.7060819,3.427805237,469.1836037,6.110243284
284,11/9/2020,United Kingdom,21397,195,1216747,49329,159726,2386,319007,4241,67886004,31.51901532,0.287246249,1792.338521,72.66446262,235.285612,3.51471564,469.9157134,6.247237649
285,11/10/2020,United Kingdom,20451,532,1237198,49861,160099,2521,316534,4406,67886004,30.12550275,0.783666689,1822.464024,73.44812931,235.8350626,3.713578428,466.2728417,6.490292167
286,11/11/2020,United Kingdom,23000,596,1260198,50457,157893,2625,314820,4692,67886004,33.88032679,0.877942381,1856.34435,74.32607169,232.5854973,3.866776427,463.7480209,6.911586665
287,11/12/2020,United Kingdom,33517,563,1293715,51020,167246,2810,325259,4975,67886004,49.37247448,0.829331478,1905.716825,75.15540317,246.3630058,4.139292099,479.1252701,7.32846199
288,11/13/2020,United Kingdom,27316,376,1321031,51396,171240,2831,328157,5077,67886004,40.23804377,0.55386969,1945.954869,75.70927286,252.2463982,4.170226311,483.3941912,7.478713875
289,11/14/2020,United Kingdom,26876,462,1347907,51858,173137,2880,333114,5213,67886004,39.58989838,0.680552651,1985.544767,76.38982551,255.0407887,4.242406137,490.6961382,7.67904972
290,11/15/2020,United Kingdom,24977,168,1372884,52026,177534,2892,334830,5219,67886004,36.79256184,0.247473691,2022.337329,76.6372992,261.5178233,4.260082829,493.2239052,7.687888066
291,11/16/2020,United Kingdom,21415,214,1394299,52240,177552,2911,337278,5297,67886004,31.54553036,0.315234345,2053.882859,76.95253354,261.5443384,4.288070925,496.8299504,7.802786566
292,11/17/2020,United Kingdom,20060,599,1414359,52839,177161,2978,337260,5499,67886004,29.54953719,0.882361554,2083.432396,77.8348951,260.9683728,4.38676579,496.8034354,8.100344218
293,11/18/2020,United Kingdom,19645,529,1434004,53368,173806,2911,331699,5536,67886004,28.93821825,0.779247516,2112.370615,78.61414261,256.0262643,4.288070925,488.6117616,8.154847353
294,11/19/2020,United Kingdom,22936,502,1456940,53870,163225,2850,330471,5660,67886004,33.7860511,0.739474959,2146.156666,79.35361757,240.4398409,4.198214407,486.8028467,8.337506506
295,11/20/2020,United Kingdom,20274,511,1477214,54381,156183,2985,327423,5816,67886004,29.86477154,0.752732478,2176.021437,80.10635005,230.0665687,4.397077194,482.3129669,8.567303505
296,11/21/2020,United Kingdom,19921,340,1497135,54721,149228,2863,322365,5743,67886004,29.34478217,0.500839613,2205.36622,80.60718966,219.8214524,4.217364157,474.8622411,8.459770294
297,11/22/2020,United Kingdom,18667,399,1515802,55120,142918,3094,320452,5986,67886004,27.49756783,0.587750017,2232.863787,81.19493968,210.5264584,4.557640482,472.0442818,8.817723312
298,11/23/2020,United Kingdom,15465,207,1531267,55327,136968,3087,314520,5998,67886004,22.78083712,0.304922941,2255.644624,81.49986262,201.7617652,4.547329078,463.3061036,8.835400004
299,11/24/2020,United Kingdom,11344,608,1542611,55935,128252,3096,305413,6074,67886004,16.7103664,0.895619073,2272.354991,82.3954817,188.9225944,4.560586597,449.8909672,8.947352388
300,11/25/2020,United Kingdom,18261,695,1560872,56630,126868,3262,300674,6173,67886004,26.89950641,1.023775092,2299.254497,83.41925679,186.8838826,4.805114173,442.9101468,9.093185099
301,11/26/2020,United Kingdom,17557,498,1578429,57128,121489,3258,284714,6108,67886004,25.8624738,0.733582728,2325.116971,84.15283952,178.9603053,4.799221943,419.4001462,8.997436349
302,11/27/2020,United Kingdom,14821,520,1593250,57648,116036,3267,272219,6252,67886004,21.83218797,0.765989997,2346.949159,84.91882951,170.9277217,4.812479462,400.9942904,9.209556656
303,11/28/2020,United Kingdom,15891,479,1609141,58127,112006,3406,261234,6269,67886004,23.4083597,0.705594632,2370.357519,85.62442414,164.9912992,5.01723448,384.8127517,9.234598637
304,11/29/2020,United Kingdom,12164,215,1621305,58342,105503,3222,248421,6316,67886004,17.9182737,0.316707403,2388.275792,85.94113155,155.4120051,4.746191866,365.9384635,9.303832348
305,11/30/2020,United Kingdom,12428,203,1633733,58545,102466,3218,239434,6305,67886004,18.30716093,0.29903071,2406.582953,86.24016226,150.9383289,4.740299635,352.7000941,9.287628714
306,12/1/2020,United Kingdom,13497,603,1647230,59148,104619,3213,232871,6309,67886004,19.8818596,0.888253785,2426.464813,87.12841604,154.1098221,4.732934347,343.0324165,9.293520944
307,12/2/2020,United Kingdom,16237,648,1663467,59796,102595,3166,229463,6428,67886004,23.91803766,0.954541381,2450.382851,88.08295742,151.1283533,4.663700636,338.0122359,9.468814809
308,12/3/2020,United Kingdom,14951,414,1678418,60210,99989,3082,221478,6340,67886004,22.02368547,0.609845882,2472.406536,88.69280331,147.289565,4.53996379,326.2498703,9.339185733
309,12/4/2020,United Kingdom,16382,504,1694800,60714,101550,3066,217586,6333,67886004,24.13163102,0.742421074,2496.538167,89.43522438,149.5890081,4.516394867,320.5167298,9.328874329
310,12/5/2020,United Kingdom,15579,397,1710379,61111,101238,2984,213244,6390,67886004,22.9487657,0.584803902,2519.486933,90.02002828,149.1294141,4.395604137,314.1207133,9.412838617
311,12/6/2020,United Kingdom,17372,231,1727751,61342,106446,3000,211949,6222,67886004,25.58995813,0.340276326,2545.076891,90.36030461,156.8010985,4.41917306,312.2131036,9.165364926
312,12/7/2020,United Kingdom,14774,189,1742525,61531,108792,2986,211258,6204,67886004,21.76295426,0.278407903,2566.839845,90.63871251,160.2568918,4.398550252,311.1952207,9.138849887
313,12/8/2020,United Kingdom,12386,599,1754911,62130,107681,2982,212300,6195,67886004,18.24529251,0.882361554,2585.085138,91.52107406,158.6203247,4.392658021,312.7301469,9.125592368
314,12/9/2020,United Kingdom,16634,533,1771545,62663,108078,2867,210673,6033,67886004,24.50284156,0.785139747,2609.587979,92.30621381,159.2051286,4.223256387,310.333482,8.886957023
315,12/10/2020,United Kingdom,21066,516,1792611,63179,114193,2969,214182,6051,67886004,31.03143322,0.760097766,2640.619413,93.06631158,168.2128764,4.373508271,315.5024414,8.913472061
316,12/11/2020,United Kingdom,21784,424,1814395,63603,119595,2889,221145,5955,67886004,32.08908864,0.624576459,2672.708501,93.69088804,176.170334,4.255663656,325.7593421,8.772058523
317,12/12/2020,United Kingdom,21554,520,1835949,64123,125570,3012,226808,5996,67886004,31.75028538,0.765989997,2704.458787,94.45687803,184.9718537,4.436849752,334.1012678,8.832453888
318,12/13/2020,United Kingdom,18541,144,1854490,64267,126739,2925,233185,5925,67886004,27.31196257,0.212120307,2731.770749,94.66899834,186.6938581,4.308693733,343.4949566,8.727866793
319,12/14/2020,United Kingdom,20377,233,1874867,64500,132342,2969,241134,5955,67886004,30.01649648,0.343222441,2761.787246,95.01222078,194.9474004,4.373508271,355.2042922,8.772058523
320,12/15/2020,United Kingdom,18569,506,1893436,65006,138525,2876,246206,5858,67886004,27.35320818,0.745367189,2789.140454,95.75758797,204.055316,4.236513906,362.6756408,8.629171928
321,12/16/2020,United Kingdom,25300,612,1918736,65618,147191,2955,255269,5822,67886004,37.26835947,0.901511304,2826.408813,96.65909927,216.8208339,4.352885464,376.0259626,8.576141851
322,12/17/2020,United Kingdom,35532,532,1954268,66150,161657,2971,275850,5940,67886004,52.34068572,0.783666689,2878.749499,97.44276596,238.1300864,4.376454387,406.3429628,8.749962658
323,12/18/2020,United Kingdom,28560,490,1982828,66640,168433,3037,288028,5926,67886004,42.07052753,0.721798266,2920.820026,98.16456423,248.1115253,4.473676194,424.2818593,8.72933985
324,12/19/2020,United Kingdom,27249,537,2010077,67177,174128,3054,299698,6066,67886004,40.1393489,0.791031978,2960.959375,98.95559621,256.5005888,4.498718175,441.4724425,8.935567926
325,12/20/2020,United Kingdom,36084,326,2046161,67503,191671,3236,318410,6161,67886004,53.15381356,0.480216806,3014.113189,99.43581301,282.3424398,4.766814674,469.036298,9.075508407
326,12/21/2020,United Kingdom,33517,215,2079678,67718,204811,3218,337153,6187,67886004,49.37247448,0.316707403,3063.485663,99.75252042,301.6984178,4.740299635,496.6458182,9.113807907
327,12/22/2020,United Kingdom,36931,691,2116609,68409,223173,3403,361698,6279,67886004,54.40149342,1.017882861,3117.887157,100.7704033,328.7467031,5.012815307,532.8020191,9.249329214
328,12/23/2020,United Kingdom,39387,748,2155996,69157,237260,3539,384451,6494,67886004,58.0193231,1.10184715,3175.90648,101.8722504,349.4976667,5.213151153,566.3185006,9.566036616
329,12/24/2020,United Kingdom,39148,575,2195144,69732,240876,3582,402533,6553,67886004,57.66726231,0.84700817,3233.573742,102.7192586,354.8242433,5.276492633,592.9543297,9.65294702
330,12/25/2020,United Kingdom,32803,570,2227947,70302,245119,3662,413552,6699,67886004,48.32071129,0.839642881,3281.894454,103.5589015,361.0744271,5.394337248,609.1859524,9.868013442
331,12/26/2020,United Kingdom,34788,211,2262735,70513,252658,3336,426786,6390,67886004,51.2447308,0.310815172,3333.139184,103.8697167,372.179809,4.914120442,628.6803978,9.412838617
332,12/27/2020,United Kingdom,32493,347,2295228,70860,249067,3357,440738,6593,67886004,47.86406341,0.511151017,3381.003248,104.3808677,366.8900588,4.945054654,649.2324986,9.711869327
333,12/28/2020,United Kingdom,41460,357,2336688,71217,257010,3499,461821,6717,67886004,61.07297168,0.525881594,3442.076219,104.9067493,378.590556,5.154228845,680.2889739,9.89452848
334,12/29/2020,United Kingdom,53275,458,2389963,71675,273354,3266,496527,6669,67886004,78.47714825,0.67466042,3520.553368,105.5814097,402.6662108,4.811006404,731.4129139,9.823821711
335,12/30/2020,United Kingdom,50239,982,2440202,72657,284206,3500,521466,7039,67886004,74.00494511,1.446542648,3594.558313,107.0279523,418.6518329,5.155701903,768.1494996,10.36885306
336,12/31/2020,United Kingdom,56029,965,2496231,73622,301087,3890,541963,7472,67886004,82.53394912,1.421500668,3677.092262,108.449453,443.5185197,5.730194401,798.342763,11.00668703
